batch_size,seq_len,loss,iteration_time_ms,backward_only_time_ms,peak_memory_allocated_mb,peak_memory_reserved_mb,num_forward_ops,num_backward_ops,num_activations,total_activation_mb,peak_live_activation_mb,parameter_memory_mb,gradient_memory_mb,avg_forward_op_ms,avg_backward_op_ms
1,128,0.6922575235366821,386.20419999957085,122.6140999943018,2110.27734375,2332.0,141,141,141,78.38379669189453,78.38379669189453,417.64746856689453,417.64746856689453,0.6387659559647242,130.48369503507377
2,128,0.8823235630989075,230.55739998817444,80.08729998767376,2110.2802734375,2390.0,141,141,141,156.39259338378906,156.39259338378906,417.64746856689453,417.64746856689453,0.22533049492548543,96.337473758569
4,128,0.620648980140686,226.57009999454021,92.36229999363422,2116.0361328125,2390.0,141,141,141,312.4101867675781,312.4101867675781,417.64746856689453,417.64746856689453,0.18920070873507372,89.90721773002164
6,128,0.681702196598053,250.4830999970436,108.80689999461174,2110.0419921875,2390.0,141,141,141,468.4277801513672,468.4277801513672,417.64746856689453,417.64746856689453,0.2178397168081703,101.23855886571374
8,128,0.6718400716781616,342.69709999859333,118.43459998071194,2125.0478515625,2390.0,141,141,141,624.4453735351562,624.4453735351562,417.64746856689453,417.64746856689453,0.2629992925951667,126.86619149011078
12,128,0.6984187960624695,295.5110999941826,145.0397000014782,2110.0595703125,2390.0,141,141,141,936.4805603027344,936.4805603027344,417.64746856689453,417.64746856689453,0.31736950396645996,124.19268510665032
16,128,0.7485963702201843,366.0574999898672,187.3580999970436,2113.5712890625,2792.0,141,141,141,1248.5157470703125,1248.5157470703125,417.64746856689453,417.64746856689453,0.4854347510329375,162.02937446788272
