batch_size,loss,iteration_time_ms,backward_only_time_ms,peak_memory_allocated_mb,peak_memory_reserved_mb,num_forward_ops,num_backward_ops,num_activations,total_activation_mb,peak_live_activation_mb,avg_forward_op_ms,avg_backward_op_ms
1,6.719598770141602,1100.7611997127533,479.6207001209259,708.22412109375,760.0,464,464,464,253.14639282226562,253.14639282226562,0.6678006649017334,500.44961356911165
2,7.140488624572754,848.8074998855591,414.94749999046326,736.56005859375,800.0,464,464,464,506.29278564453125,506.29278564453125,0.22949828207492828,418.27566184206256
4,7.243290424346924,832.3579001426697,394.04299998283386,992.86474609375,1112.0,464,464,464,1012.5855712890625,1012.5855712890625,0.25823427736759186,410.8210398606185
6,7.097869873046875,1052.9614996910095,392.65440011024475,1354.11376953125,1584.0,464,464,464,1518.8783569335938,1518.8783569335938,0.46145819024793033,540.6876295178101
8,6.769690036773682,891.245199918747,432.74689984321594,1673.14501953125,2028.0,464,464,464,2025.171142578125,2025.171142578125,0.286323265782718,432.58614590455744
12,7.066493511199951,974.6082997322083,467.34710001945496,2355.22265625,2788.0,464,464,464,3037.7567138671875,3037.7567138671875,0.3727004327650728,465.2809366316631
16,6.785724639892578,1326.713700056076,635.5324997901917,3018.80078125,3572.0,464,464,464,4050.34228515625,4050.34228515625,0.742650863425485,576.7133482828223
