batch_size,loss,iteration_time_ms,backward_only_time_ms,peak_memory_allocated_mb,peak_memory_reserved_mb,num_forward_ops,num_backward_ops,num_activations,total_activation_mb,avg_forward_op_ms,avg_backward_op_ms
1,5.878993034362793,754.6362000107765,329.6297999918461,708.22412109375,760.0,464,464,464,253.14639282226562,0.45574504226959983,335.00629633594434
2,7.534156799316406,608.925400018692,263.40889996290207,736.56005859375,800.0,464,464,464,506.29278564453125,0.15488254272475324,266.78987909513046
4,6.850045204162598,545.6371000111103,263.4414999783039,992.86474609375,1112.0,464,464,464,1012.5855712890625,0.1826941805795349,267.55206896589493
6,7.108509540557861,589.6889000236988,280.50949996709824,1354.11376953125,1584.0,464,464,464,1518.8783569335938,0.23694288698506766,288.4267659476348
8,7.132626533508301,675.7434000074863,301.99090000987053,1673.14501953125,2028.0,464,464,464,2025.171142578125,0.2137991377505763,285.3891900863884
12,7.095924377441406,669.7870000302792,333.51240000128746,2355.22265625,2788.0,464,464,464,3037.7567138671875,0.28104568998618373,313.49941056074
16,7.149552345275879,840.1990000009537,421.0052999854088,3018.80078125,3572.0,464,464,464,4050.34228515625,0.4476112061790351,387.72730129359866
